314.0;25.0;"admin.";"single";"tertiary";"no";760.0;"yes";"no";"cellular";27.0;"may";223.0;3.0;89.0;2.0;"failure";"yes"
318.0;35.0;"entrepreneur";"married";"secondary";"no";2971.0;"no";"no";"cellular";4.0;"may";429.0;4.0;164.0;2.0;"failure";"yes"
323.0;38.0;"management";"married";"tertiary";"no";1199.0;"no";"no";"cellular";4.0;"aug";178.0;1.0;1.0;1.0;"success";"yes"
327.0;35.0;"entrepreneur";"single";"tertiary";"no";145.0;"yes";"no";"cellular";18.0;"jul";799.0;2.0;-1.0;0.0;"unknown";"yes"
328.0;35.0;"unemployed";"married";"secondary";"no";978.0;"no";"no";"cellular";29.0;"dec";1370.0;3.0;209.0;3.0;"success";"yes"
333.0;32.0;"services";"married";"primary";"no";228.0;"yes";"no";"cellular";21.0;"jul";1017.0;6.0;-1.0;0.0;"unknown";"yes"
334.0;30.0;"management";"single";"tertiary";"no";424.0;"no";"no";"cellular";16.0;"apr";298.0;4.0;-1.0;0.0;"unknown";"yes"
347.0;55.0;"management";"married";"primary";"no";2587.0;"no";"no";"cellular";4.0;"sep";328.0;2.0;94.0;2.0;"success";"yes"
358.0;48.0;"admin.";"divorced";"secondary";"no";4099.0;"no";"no";"cellular";2.0;"apr";397.0;2.0;-1.0;0.0;"unknown";"yes"
368.0;60.0;"technician";"single";"primary";"no";11262.0;"no";"no";"cellular";26.0;"aug";323.0;1.0;-1.0;0.0;"unknown";"yes"
377.0;37.0;"management";"married";"tertiary";"no";393.0;"yes";"no";"cellular";14.0;"may";567.0;3.0;275.0;4.0;"failure";"yes"
382.0;59.0;"retired";"married";"tertiary";"no";9676.0;"no";"no";"telephone";27.0;"mar";234.0;2.0;-1.0;0.0;"unknown";"yes"
401.0;28.0;"blue-collar";"single";"secondary";"no";517.0;"no";"yes";"cellular";8.0;"jul";681.0;1.0;-1.0;0.0;"unknown";"yes"
409.0;54.0;"admin.";"married";"secondary";"no";0.0;"no";"no";"cellular";28.0;"jan";161.0;1.0;98.0;2.0;"failure";"yes"
412.0;75.0;"retired";"divorced";"tertiary";"no";3810.0;"yes";"no";"cellular";16.0;"nov";262.0;1.0;183.0;1.0;"failure";"yes"
415.0;49.0;"management";"divorced";"tertiary";"no";755.0;"no";"no";"cellular";31.0;"jul";1212.0;4.0;-1.0;0.0;"unknown";"yes"
443.0;30.0;"management";"married";"tertiary";"no";1221.0;"yes";"no";"telephone";25.0;"jul";279.0;4.0;-1.0;0.0;"unknown";"yes"
450.0;35.0;"technician";"married";"secondary";"no";4508.0;"yes";"no";"cellular";18.0;"nov";854.0;1.0;-1.0;0.0;"unknown";"yes"
456.0;34.0;"self-employed";"single";"tertiary";"no";5462.0;"no";"no";"cellular";30.0;"apr";430.0;1.0;-1.0;0.0;"unknown";"yes"
464.0;32.0;"blue-collar";"married";"secondary";"no";889.0;"yes";"no";"cellular";10.0;"sep";185.0;1.0;99.0;5.0;"success";"yes"
473.0;61.0;"admin.";"married";"secondary";"no";4608.0;"no";"no";"cellular";12.0;"mar";212.0;1.0;-1.0;0.0;"unknown";"yes"
477.0;77.0;"retired";"married";"tertiary";"no";7802.0;"no";"no";"telephone";4.0;"may";421.0;1.0;92.0;2.0;"success";"yes"
492.0;53.0;"admin.";"married";"secondary";"no";1796.0;"no";"no";"telephone";16.0;"mar";295.0;1.0;91.0;2.0;"success";"yes"
346.0;57.0;"management";"married";"tertiary";"no";1602.0;"no";"no";"cellular";29.0;"jul";339.0;3.0;-1.0;0.0;"unknown";"no"
348.0;44.0;"admin.";"married";"secondary";"no";0.0;"yes";"yes";"unknown";16.0;"may";159.0;1.0;-1.0;0.0;"unknown";"no"
349.0;47.0;"self-employed";"married";"tertiary";"no";2303.0;"yes";"no";"cellular";6.0;"may";323.0;2.0;364.0;1.0;"failure";"no"
350.0;31.0;"blue-collar";"married";"secondary";"no";1660.0;"yes";"no";"cellular";20.0;"apr";342.0;1.0;-1.0;0.0;"unknown";"no"
351.0;35.0;"management";"married";"tertiary";"yes";32.0;"yes";"no";"cellular";21.0;"nov";180.0;1.0;-1.0;0.0;"unknown";"no"
352.0;39.0;"management";"married";"tertiary";"no";278.0;"no";"yes";"cellular";28.0;"jul";60.0;3.0;-1.0;0.0;"unknown";"no"
353.0;50.0;"management";"married";"tertiary";"no";4.0;"no";"no";"cellular";17.0;"nov";223.0;1.0;96.0;2.0;"failure";"no"
354.0;29.0;"management";"married";"tertiary";"no";318.0;"yes";"no";"cellular";18.0;"may";1434.0;2.0;356.0;4.0;"failure";"no"
355.0;30.0;"services";"single";"secondary";"no";209.0;"yes";"no";"unknown";6.0;"may";30.0;2.0;-1.0;0.0;"unknown";"no"
356.0;46.0;"services";"married";"secondary";"no";271.0;"yes";"no";"unknown";16.0;"may";134.0;4.0;-1.0;0.0;"unknown";"no"
357.0;27.0;"management";"single";"unknown";"no";3196.0;"no";"no";"cellular";9.0;"feb";10.0;2.0;-1.0;0.0;"unknown";"no"
359.0;26.0;"student";"single";"secondary";"no";2572.0;"yes";"no";"cellular";5.0;"may";620.0;1.0;-1.0;0.0;"unknown";"no"
360.0;36.0;"management";"single";"tertiary";"no";339.0;"no";"no";"cellular";21.0;"nov";6.0;6.0;-1.0;0.0;"unknown";"no"
361.0;42.0;"blue-collar";"married";"primary";"no";0.0;"yes";"yes";"cellular";7.0;"may";209.0;2.0;-1.0;0.0;"unknown";"no"
362.0;50.0;"housemaid";"married";"primary";"no";395.0;"yes";"no";"unknown";15.0;"may";419.0;2.0;-1.0;0.0;"unknown";"no"
363.0;49.0;"blue-collar";"married";"secondary";"no";2039.0;"yes";"no";"cellular";18.0;"nov";283.0;2.0;-1.0;0.0;"unknown";"no"
364.0;45.0;"management";"married";"tertiary";"no";5450.0;"no";"no";"cellular";8.0;"aug";188.0;2.0;-1.0;0.0;"unknown";"no"
365.0;23.0;"student";"single";"secondary";"no";780.0;"no";"no";"cellular";16.0;"sep";267.0;1.0;-1.0;0.0;"unknown";"no"
366.0;38.0;"technician";"single";"secondary";"no";0.0;"yes";"no";"cellular";7.0;"apr";196.0;2.0;-1.0;0.0;"unknown";"no"
367.0;32.0;"management";"single";"tertiary";"no";8436.0;"yes";"no";"cellular";17.0;"apr";245.0;1.0;149.0;2.0;"failure";"no"
369.0;30.0;"entrepreneur";"married";"secondary";"no";946.0;"yes";"no";"cellular";19.0;"nov";1065.0;1.0;183.0;1.0;"other";"no"
370.0;58.0;"housemaid";"married";"tertiary";"no";497.0;"no";"no";"unknown";11.0;"jun";138.0;5.0;-1.0;0.0;"unknown";"no"
371.0;60.0;"retired";"married";"primary";"no";55.0;"no";"no";"cellular";4.0;"jun";207.0;1.0;-1.0;0.0;"unknown";"no"
372.0;38.0;"services";"married";"secondary";"no";-140.0;"no";"no";"unknown";25.0;"jun";456.0;3.0;-1.0;0.0;"unknown";"no"
373.0;51.0;"technician";"married";"secondary";"no";-379.0;"yes";"no";"cellular";5.0;"aug";261.0;1.0;-1.0;0.0;"unknown";"no"
374.0;42.0;"admin.";"married";"secondary";"no";-396.0;"yes";"no";"cellular";11.0;"may";80.0;1.0;308.0;4.0;"failure";"no"
375.0;30.0;"services";"single";"secondary";"no";0.0;"yes";"no";"cellular";18.0;"may";131.0;6.0;363.0;9.0;"failure";"no"
376.0;40.0;"management";"married";"primary";"no";733.0;"yes";"no";"unknown";6.0;"jun";94.0;7.0;-1.0;0.0;"unknown";"no"
378.0;53.0;"technician";"divorced";"primary";"no";7290.0;"yes";"no";"unknown";30.0;"may";153.0;1.0;-1.0;0.0;"unknown";"no"
379.0;27.0;"services";"single";"secondary";"no";468.0;"yes";"no";"cellular";13.0;"may";109.0;1.0;-1.0;0.0;"unknown";"no"
380.0;39.0;"blue-collar";"married";"secondary";"no";0.0;"yes";"no";"cellular";30.0;"apr";53.0;1.0;325.0;1.0;"failure";"no"
381.0;39.0;"blue-collar";"married";"primary";"no";3705.0;"yes";"no";"unknown";16.0;"jun";77.0;1.0;-1.0;0.0;"unknown";"no"
383.0;37.0;"services";"married";"secondary";"no";1328.0;"yes";"no";"telephone";13.0;"may";121.0;2.0;341.0;4.0;"failure";"no"
384.0;41.0;"blue-collar";"married";"primary";"no";8.0;"yes";"no";"cellular";15.0;"jul";155.0;2.0;-1.0;0.0;"unknown";"no"
385.0;45.0;"blue-collar";"married";"primary";"no";61.0;"no";"no";"cellular";17.0;"apr";108.0;1.0;-1.0;0.0;"unknown";"no"
386.0;48.0;"management";"married";"tertiary";"no";6613.0;"no";"no";"unknown";17.0;"jun";159.0;3.0;-1.0;0.0;"unknown";"no"
387.0;48.0;"technician";"married";"secondary";"no";302.0;"yes";"no";"unknown";26.0;"may";208.0;3.0;-1.0;0.0;"unknown";"no"
388.0;32.0;"blue-collar";"married";"secondary";"no";1005.0;"no";"no";"cellular";12.0;"may";215.0;1.0;-1.0;0.0;"unknown";"no"
389.0;35.0;"services";"married";"secondary";"no";109.0;"yes";"no";"unknown";6.0;"may";597.0;3.0;-1.0;0.0;"unknown";"no"
390.0;33.0;"management";"single";"tertiary";"no";1240.0;"yes";"no";"cellular";4.0;"feb";505.0;2.0;260.0;1.0;"other";"no"
391.0;28.0;"blue-collar";"single";"primary";"no";0.0;"yes";"yes";"unknown";3.0;"jun";380.0;4.0;-1.0;0.0;"unknown";"no"
392.0;64.0;"retired";"married";"unknown";"no";2923.0;"no";"no";"cellular";12.0;"mar";120.0;1.0;-1.0;0.0;"unknown";"no"
393.0;35.0;"technician";"married";"secondary";"no";0.0;"no";"no";"cellular";27.0;"aug";106.0;4.0;-1.0;0.0;"unknown";"no"
394.0;33.0;"blue-collar";"married";"secondary";"no";43.0;"yes";"no";"cellular";14.0;"may";332.0;2.0;358.0;2.0;"failure";"no"
395.0;41.0;"technician";"married";"secondary";"no";288.0;"yes";"no";"unknown";15.0;"may";221.0;4.0;-1.0;0.0;"unknown";"no"
396.0;34.0;"admin.";"married";"secondary";"no";613.0;"yes";"no";"cellular";4.0;"jun";80.0;1.0;-1.0;0.0;"unknown";"no"
397.0;37.0;"technician";"single";"tertiary";"no";6101.0;"no";"no";"cellular";4.0;"may";60.0;5.0;87.0;1.0;"success";"no"
398.0;38.0;"blue-collar";"married";"primary";"no";168.0;"yes";"yes";"telephone";13.0;"may";212.0;3.0;-1.0;0.0;"unknown";"no"
399.0;39.0;"blue-collar";"married";"primary";"no";7685.0;"yes";"no";"cellular";14.0;"apr";493.0;3.0;-1.0;0.0;"unknown";"no"
400.0;35.0;"technician";"divorced";"tertiary";"no";4515.0;"yes";"no";"cellular";19.0;"nov";98.0;2.0;-1.0;0.0;"unknown";"no"
402.0;27.0;"blue-collar";"single";"secondary";"no";148.0;"no";"no";"cellular";22.0;"jul";203.0;1.0;-1.0;0.0;"unknown";"no"
403.0;48.0;"retired";"married";"primary";"yes";-285.0;"no";"yes";"cellular";19.0;"nov";157.0;1.0;-1.0;0.0;"unknown";"no"
404.0;50.0;"blue-collar";"married";"secondary";"no";887.0;"no";"no";"unknown";16.0;"jun";287.0;1.0;-1.0;0.0;"unknown";"no"
405.0;45.0;"self-employed";"married";"secondary";"no";3098.0;"yes";"no";"cellular";7.0;"aug";159.0;2.0;-1.0;0.0;"unknown";"no"
406.0;41.0;"technician";"married";"tertiary";"no";744.0;"yes";"no";"unknown";14.0;"may";125.0;1.0;-1.0;0.0;"unknown";"no"
407.0;39.0;"technician";"married";"secondary";"no";130.0;"no";"no";"cellular";8.0;"jul";202.0;2.0;-1.0;0.0;"unknown";"no"
408.0;44.0;"management";"married";"secondary";"no";438.0;"yes";"no";"telephone";8.0;"may";37.0;3.0;303.0;1.0;"failure";"no"
410.0;49.0;"management";"married";"tertiary";"no";322.0;"no";"no";"cellular";6.0;"aug";72.0;4.0;-1.0;0.0;"unknown";"no"
411.0;34.0;"blue-collar";"single";"secondary";"no";186.0;"no";"no";"cellular";2.0;"feb";342.0;1.0;-1.0;0.0;"unknown";"no"
413.0;42.0;"management";"married";"tertiary";"no";0.0;"no";"no";"cellular";13.0;"aug";325.0;2.0;-1.0;0.0;"unknown";"no"
414.0;53.0;"blue-collar";"married";"secondary";"no";4380.0;"no";"no";"telephone";19.0;"aug";223.0;7.0;-1.0;0.0;"unknown";"no"
416.0;31.0;"services";"single";"secondary";"no";2070.0;"no";"no";"cellular";29.0;"aug";319.0;2.0;-1.0;0.0;"unknown";"no"
417.0;45.0;"blue-collar";"single";"primary";"no";999.0;"no";"no";"cellular";29.0;"jan";182.0;2.0;-1.0;0.0;"unknown";"no"
418.0;39.0;"self-employed";"married";"secondary";"no";167.0;"yes";"yes";"cellular";17.0;"jul";330.0;1.0;-1.0;0.0;"unknown";"no"
419.0;46.0;"technician";"married";"secondary";"no";1322.0;"yes";"yes";"cellular";19.0;"nov";514.0;1.0;-1.0;0.0;"unknown";"no"
420.0;42.0;"admin.";"divorced";"secondary";"no";1076.0;"yes";"no";"unknown";14.0;"may";213.0;1.0;-1.0;0.0;"unknown";"no"
421.0;37.0;"management";"married";"tertiary";"no";502.0;"yes";"no";"cellular";7.0;"may";551.0;1.0;351.0;1.0;"failure";"no"
422.0;26.0;"technician";"single";"tertiary";"no";1216.0;"yes";"no";"cellular";16.0;"apr";472.0;2.0;-1.0;0.0;"unknown";"no"
423.0;37.0;"management";"single";"tertiary";"no";876.0;"yes";"no";"cellular";15.0;"apr";140.0;4.0;327.0;2.0;"failure";"no"
424.0;36.0;"services";"single";"secondary";"no";342.0;"yes";"no";"unknown";7.0;"may";142.0;1.0;-1.0;0.0;"unknown";"no"
425.0;29.0;"blue-collar";"single";"primary";"no";950.0;"yes";"no";"unknown";4.0;"jun";135.0;3.0;-1.0;0.0;"unknown";"no"
426.0;36.0;"blue-collar";"married";"primary";"no";973.0;"yes";"yes";"unknown";23.0;"may";293.0;1.0;-1.0;0.0;"unknown";"no"
427.0;26.0;"technician";"married";"tertiary";"no";3825.0;"yes";"no";"unknown";13.0;"may";107.0;1.0;-1.0;0.0;"unknown";"no"
428.0;32.0;"blue-collar";"married";"secondary";"no";2366.0;"yes";"no";"unknown";20.0;"may";127.0;2.0;-1.0;0.0;"unknown";"no"
429.0;40.0;"management";"married";"tertiary";"no";542.0;"yes";"no";"cellular";20.0;"nov";1816.0;1.0;-1.0;0.0;"unknown";"no"
430.0;53.0;"management";"married";"primary";"no";995.0;"no";"no";"cellular";4.0;"feb";200.0;3.0;-1.0;0.0;"unknown";"no"
431.0;29.0;"management";"married";"tertiary";"no";20.0;"yes";"no";"cellular";12.0;"may";418.0;1.0;-1.0;0.0;"unknown";"no"
432.0;34.0;"technician";"single";"tertiary";"no";228.0;"yes";"no";"cellular";22.0;"jul";387.0;4.0;-1.0;0.0;"unknown";"no"
433.0;43.0;"blue-collar";"married";"secondary";"no";130.0;"no";"no";"cellular";5.0;"may";156.0;1.0;337.0;3.0;"failure";"no"
434.0;56.0;"management";"married";"tertiary";"no";217.0;"no";"yes";"cellular";21.0;"jul";121.0;2.0;-1.0;0.0;"unknown";"no"
435.0;55.0;"entrepreneur";"divorced";"tertiary";"no";0.0;"no";"no";"unknown";6.0;"jun";108.0;2.0;-1.0;0.0;"unknown";"no"
436.0;31.0;"self-employed";"married";"tertiary";"no";259.0;"yes";"no";"cellular";7.0;"may";47.0;1.0;-1.0;0.0;"unknown";"no"
437.0;27.0;"admin.";"single";"secondary";"no";619.0;"yes";"no";"cellular";20.0;"apr";16.0;5.0;322.0;4.0;"other";"no"
438.0;36.0;"management";"married";"secondary";"no";644.0;"yes";"no";"cellular";18.0;"nov";54.0;2.0;-1.0;0.0;"unknown";"no"
439.0;44.0;"management";"married";"tertiary";"no";22.0;"yes";"no";"cellular";6.0;"aug";265.0;2.0;-1.0;0.0;"unknown";"no"
440.0;37.0;"admin.";"divorced";"tertiary";"no";4303.0;"yes";"no";"unknown";23.0;"may";168.0;1.0;-1.0;0.0;"unknown";"no"
441.0;30.0;"admin.";"single";"secondary";"no";239.0;"yes";"no";"cellular";7.0;"may";115.0;3.0;-1.0;0.0;"unknown";"no"
442.0;42.0;"technician";"single";"secondary";"no";275.0;"no";"no";"cellular";26.0;"aug";31.0;8.0;-1.0;0.0;"unknown";"no"
444.0;62.0;"retired";"married";"secondary";"no";816.0;"no";"no";"cellular";1.0;"sep";28.0;2.0;-1.0;0.0;"unknown";"no"
445.0;24.0;"blue-collar";"married";"secondary";"no";1222.0;"yes";"no";"cellular";20.0;"apr";369.0;1.0;-1.0;0.0;"unknown";"no"
446.0;31.0;"technician";"married";"secondary";"no";2363.0;"yes";"no";"unknown";13.0;"may";247.0;1.0;-1.0;0.0;"unknown";"no"
447.0;66.0;"retired";"married";"tertiary";"no";2262.0;"no";"no";"cellular";22.0;"apr";155.0;1.0;-1.0;0.0;"unknown";"no"
448.0;47.0;"admin.";"married";"secondary";"no";2.0;"no";"no";"cellular";10.0;"jul";89.0;1.0;-1.0;0.0;"unknown";"no"
449.0;39.0;"entrepreneur";"married";"tertiary";"no";2.0;"yes";"no";"cellular";17.0;"nov";180.0;1.0;-1.0;0.0;"unknown";"no"
451.0;35.0;"admin.";"divorced";"secondary";"no";-402.0;"yes";"no";"cellular";17.0;"apr";46.0;1.0;-1.0;0.0;"unknown";"no"
452.0;27.0;"technician";"married";"secondary";"no";1577.0;"yes";"yes";"unknown";28.0;"may";266.0;2.0;-1.0;0.0;"unknown";"no"
453.0;32.0;"blue-collar";"married";"secondary";"no";34.0;"yes";"no";"cellular";5.0;"may";321.0;2.0;-1.0;0.0;"unknown";"no"
454.0;44.0;"management";"married";"tertiary";"no";795.0;"no";"no";"cellular";28.0;"aug";99.0;24.0;-1.0;0.0;"unknown";"no"
455.0;42.0;"blue-collar";"married";"secondary";"no";117.0;"yes";"no";"unknown";9.0;"may";147.0;1.0;-1.0;0.0;"unknown";"no"
457.0;25.0;"services";"single";"secondary";"no";402.0;"no";"yes";"cellular";7.0;"jul";264.0;1.0;-1.0;0.0;"unknown";"no"
458.0;40.0;"technician";"single";"secondary";"no";641.0;"no";"no";"cellular";16.0;"jul";156.0;6.0;-1.0;0.0;"unknown";"no"
459.0;43.0;"management";"divorced";"tertiary";"no";36.0;"no";"no";"cellular";26.0;"may";118.0;1.0;102.0;2.0;"failure";"no"
460.0;55.0;"unemployed";"married";"tertiary";"no";383.0;"no";"no";"unknown";6.0;"may";343.0;3.0;-1.0;0.0;"unknown";"no"
461.0;50.0;"blue-collar";"married";"secondary";"no";283.0;"yes";"no";"cellular";7.0;"aug";226.0;3.0;-1.0;0.0;"unknown";"no"
462.0;45.0;"management";"divorced";"tertiary";"no";0.0;"no";"no";"unknown";1.0;"jun";5.0;1.0;-1.0;0.0;"unknown";"no"
463.0;35.0;"blue-collar";"divorced";"secondary";"no";3102.0;"yes";"no";"cellular";20.0;"nov";138.0;1.0;-1.0;0.0;"unknown";"no"
465.0;59.0;"housemaid";"married";"secondary";"no";0.0;"no";"no";"telephone";3.0;"feb";722.0;1.0;99.0;4.0;"failure";"no"
466.0;34.0;"self-employed";"married";"secondary";"no";-370.0;"yes";"no";"unknown";21.0;"may";748.0;1.0;-1.0;0.0;"unknown";"no"
467.0;39.0;"management";"married";"tertiary";"no";-606.0;"yes";"no";"unknown";26.0;"may";142.0;1.0;-1.0;0.0;"unknown";"no"
468.0;40.0;"management";"single";"secondary";"no";10378.0;"yes";"no";"cellular";17.0;"nov";523.0;3.0;-1.0;0.0;"unknown";"no"
469.0;36.0;"blue-collar";"single";"primary";"no";1313.0;"yes";"no";"unknown";20.0;"jun";8.0;10.0;-1.0;0.0;"unknown";"no"
470.0;40.0;"management";"married";"tertiary";"no";8969.0;"yes";"no";"cellular";17.0;"nov";153.0;1.0;-1.0;0.0;"unknown";"no"
471.0;55.0;"self-employed";"married";"secondary";"no";-196.0;"yes";"no";"unknown";20.0;"may";210.0;2.0;-1.0;0.0;"unknown";"no"
472.0;38.0;"entrepreneur";"married";"secondary";"yes";15.0;"yes";"no";"cellular";10.0;"jul";121.0;1.0;-1.0;0.0;"unknown";"no"
474.0;41.0;"management";"married";"tertiary";"no";666.0;"yes";"no";"unknown";21.0;"may";253.0;3.0;-1.0;0.0;"unknown";"no"
475.0;57.0;"blue-collar";"married";"primary";"no";452.0;"yes";"no";"unknown";13.0;"may";139.0;4.0;-1.0;0.0;"unknown";"no"
476.0;48.0;"blue-collar";"married";"secondary";"no";149.0;"yes";"no";"unknown";9.0;"may";71.0;1.0;-1.0;0.0;"unknown";"no"
478.0;35.0;"services";"married";"secondary";"no";1453.0;"yes";"no";"unknown";28.0;"may";199.0;1.0;-1.0;0.0;"unknown";"no"
479.0;54.0;"blue-collar";"married";"secondary";"no";1480.0;"yes";"no";"unknown";14.0;"may";108.0;1.0;-1.0;0.0;"unknown";"no"
480.0;37.0;"management";"single";"unknown";"no";715.0;"yes";"no";"unknown";20.0;"may";247.0;2.0;-1.0;0.0;"unknown";"no"
481.0;56.0;"management";"single";"secondary";"no";237.0;"yes";"no";"telephone";9.0;"jul";236.0;4.0;-1.0;0.0;"unknown";"no"
482.0;40.0;"technician";"married";"secondary";"no";694.0;"yes";"no";"cellular";4.0;"feb";97.0;4.0;196.0;5.0;"failure";"no"
483.0;40.0;"management";"married";"tertiary";"no";0.0;"no";"no";"cellular";14.0;"jul";109.0;8.0;-1.0;0.0;"unknown";"no"
484.0;54.0;"management";"married";"tertiary";"no";55.0;"yes";"no";"cellular";2.0;"jun";112.0;2.0;-1.0;0.0;"unknown";"no"
485.0;55.0;"housemaid";"married";"primary";"no";136.0;"yes";"no";"unknown";19.0;"jun";15.0;10.0;-1.0;0.0;"unknown";"no"
486.0;55.0;"services";"divorced";"secondary";"yes";-404.0;"yes";"no";"cellular";22.0;"jul";502.0;3.0;-1.0;0.0;"unknown";"no"
487.0;52.0;"blue-collar";"married";"primary";"no";779.0;"yes";"no";"unknown";16.0;"may";30.0;3.0;-1.0;0.0;"unknown";"no"
488.0;55.0;"blue-collar";"single";"primary";"no";1187.0;"yes";"no";"unknown";2.0;"jun";193.0;2.0;-1.0;0.0;"unknown";"no"
489.0;33.0;"management";"married";"tertiary";"no";641.0;"yes";"no";"cellular";13.0;"aug";347.0;2.0;-1.0;0.0;"unknown";"no"
490.0;52.0;"blue-collar";"married";"unknown";"no";826.0;"yes";"no";"unknown";15.0;"may";468.0;2.0;-1.0;0.0;"unknown";"no"
491.0;33.0;"services";"divorced";"secondary";"no";991.0;"yes";"no";"unknown";27.0;"may";148.0;1.0;-1.0;0.0;"unknown";"no"
495.0;48.0;"management";"divorced";"tertiary";"no";1328.0;"yes";"no";"unknown";6.0;"may";339.0;1.0;-1.0;0.0;"unknown";"no"
496.0;50.0;"housemaid";"married";"secondary";"no";7317.0;"yes";"no";"cellular";13.0;"may";172.0;1.0;370.0;1.0;"failure";"no"
497.0;34.0;"technician";"single";"secondary";"no";4943.0;"yes";"yes";"cellular";19.0;"nov";117.0;2.0;-1.0;0.0;"unknown";"no"
498.0;38.0;"technician";"single";"secondary";"no";258.0;"no";"yes";"unknown";20.0;"jun";587.0;2.0;-1.0;0.0;"unknown";"no"
499.0;42.0;"management";"single";"tertiary";"no";515.0;"yes";"no";"cellular";19.0;"nov";501.0;2.0;-1.0;0.0;"unknown";"no"
500.0;32.0;"management";"single";"tertiary";"no";12607.0;"no";"no";"cellular";14.0;"aug";203.0;5.0;84.0;1.0;"failure";"no"
501.0;58.0;"admin.";"married";"secondary";"no";2.0;"yes";"yes";"telephone";25.0;"jul";282.0;9.0;-1.0;0.0;"unknown";"no"
502.0;31.0;"management";"married";"tertiary";"no";13.0;"no";"no";"cellular";28.0;"aug";110.0;5.0;-1.0;0.0;"unknown";"no"
504.0;41.0;"management";"married";"tertiary";"no";3872.0;"no";"no";"cellular";15.0;"oct";231.0;1.0;-1.0;0.0;"unknown";"no"
505.0;31.0;"unemployed";"married";"secondary";"no";296.0;"yes";"no";"unknown";20.0;"may";378.0;3.0;-1.0;0.0;"unknown";"no"
506.0;52.0;"self-employed";"single";"primary";"no";217.0;"no";"yes";"cellular";15.0;"jul";193.0;6.0;-1.0;0.0;"unknown";"no"
507.0;42.0;"self-employed";"divorced";"tertiary";"no";360.0;"yes";"no";"unknown";24.0;"jun";110.0;5.0;-1.0;0.0;"unknown";"no"
508.0;41.0;"blue-collar";"single";"secondary";"no";428.0;"yes";"no";"cellular";12.0;"may";92.0;1.0;-1.0;0.0;"unknown";"no"
510.0;38.0;"blue-collar";"married";"secondary";"no";121.0;"yes";"yes";"cellular";6.0;"feb";168.0;1.0;212.0;2.0;"failure";"no"
511.0;32.0;"management";"married";"tertiary";"no";820.0;"yes";"no";"cellular";17.0;"jul";738.0;3.0;-1.0;0.0;"unknown";"no"
513.0;48.0;"management";"divorced";"tertiary";"no";108.0;"yes";"no";"unknown";27.0;"may";89.0;2.0;-1.0;0.0;"unknown";"no"
514.0;36.0;"management";"married";"tertiary";"no";-381.0;"yes";"no";"cellular";31.0;"jul";30.0;29.0;-1.0;0.0;"unknown";"no"
515.0;45.0;"unemployed";"divorced";"primary";"no";757.0;"no";"no";"cellular";20.0;"apr";103.0;1.0;325.0;4.0;"failure";"no"
516.0;34.0;"technician";"married";"tertiary";"no";691.0;"yes";"yes";"unknown";2.0;"jun";70.0;1.0;-1.0;0.0;"unknown";"no"
518.0;34.0;"management";"married";"tertiary";"no";902.0;"yes";"no";"cellular";14.0;"may";159.0;1.0;367.0;2.0;"other";"no"
519.0;61.0;"retired";"married";"secondary";"no";5207.0;"no";"no";"cellular";11.0;"sep";336.0;1.0;81.0;2.0;"other";"no"
520.0;54.0;"services";"married";"secondary";"no";0.0;"no";"no";"unknown";19.0;"jun";220.0;1.0;-1.0;0.0;"unknown";"no"
521.0;50.0;"entrepreneur";"married";"secondary";"no";665.0;"no";"no";"telephone";17.0;"nov";238.0;1.0;-1.0;0.0;"unknown";"no"
522.0;43.0;"admin.";"divorced";"secondary";"no";738.0;"yes";"no";"cellular";21.0;"nov";585.0;4.0;191.0;4.0;"failure";"no"
523.0;47.0;"blue-collar";"married";"primary";"no";233.0;"no";"no";"cellular";8.0;"aug";293.0;3.0;-1.0;0.0;"unknown";"no"
524.0;45.0;"services";"married";"secondary";"no";-839.0;"yes";"no";"unknown";28.0;"may";68.0;1.0;-1.0;0.0;"unknown";"no"
525.0;57.0;"retired";"married";"primary";"no";5799.0;"no";"no";"unknown";17.0;"jun";97.0;1.0;-1.0;0.0;"unknown";"no"
526.0;27.0;"admin.";"married";"secondary";"no";1033.0;"yes";"no";"unknown";9.0;"may";1713.0;1.0;-1.0;0.0;"unknown";"no"
527.0;49.0;"unemployed";"divorced";"secondary";"no";66.0;"no";"no";"cellular";9.0;"jul";218.0;3.0;-1.0;0.0;"unknown";"no"
528.0;43.0;"services";"married";"primary";"no";2567.0;"yes";"no";"cellular";14.0;"may";109.0;1.0;360.0;2.0;"failure";"no"
529.0;40.0;"management";"married";"tertiary";"no";1584.0;"yes";"no";"telephone";21.0;"nov";661.0;1.0;-1.0;0.0;"unknown";"no"
530.0;32.0;"services";"single";"secondary";"no";182.0;"yes";"no";"cellular";6.0;"may";145.0;1.0;-1.0;0.0;"unknown";"no"
531.0;58.0;"management";"married";"primary";"no";76.0;"yes";"no";"telephone";18.0;"may";54.0;4.0;-1.0;0.0;"unknown";"no"
532.0;34.0;"admin.";"single";"secondary";"no";663.0;"yes";"no";"cellular";20.0;"apr";111.0;1.0;-1.0;0.0;"unknown";"no"
533.0;46.0;"technician";"divorced";"secondary";"no";3455.0;"yes";"no";"unknown";14.0;"may";566.0;2.0;-1.0;0.0;"unknown";"no"
534.0;29.0;"blue-collar";"married";"secondary";"no";15.0;"no";"no";"cellular";3.0;"jun";136.0;1.0;-1.0;0.0;"unknown";"no"
535.0;52.0;"blue-collar";"married";"primary";"no";1054.0;"no";"no";"cellular";4.0;"aug";273.0;1.0;-1.0;0.0;"unknown";"no"
536.0;45.0;"management";"married";"tertiary";"no";1529.0;"no";"no";"cellular";30.0;"jun";160.0;1.0;-1.0;0.0;"unknown";"no"
537.0;26.0;"management";"single";"secondary";"no";63.0;"no";"no";"cellular";28.0;"jul";76.0;4.0;-1.0;0.0;"unknown";"no"
538.0;40.0;"technician";"married";"tertiary";"no";0.0;"no";"no";"cellular";19.0;"aug";44.0;1.0;-1.0;0.0;"unknown";"no"
539.0;41.0;"admin.";"married";"secondary";"no";920.0;"yes";"yes";"unknown";27.0;"may";239.0;1.0;-1.0;0.0;"unknown";"no"
541.0;27.0;"technician";"single";"unknown";"no";59.0;"no";"no";"cellular";15.0;"jul";792.0;4.0;-1.0;0.0;"unknown";"no"
542.0;27.0;"services";"married";"secondary";"no";0.0;"yes";"no";"cellular";23.0;"jul";198.0;13.0;-1.0;0.0;"unknown";"no"
543.0;48.0;"blue-collar";"married";"secondary";"no";157.0;"yes";"no";"unknown";6.0;"may";73.0;1.0;-1.0;0.0;"unknown";"no"
544.0;49.0;"admin.";"married";"secondary";"no";2465.0;"no";"no";"cellular";20.0;"aug";157.0;3.0;-1.0;0.0;"unknown";"no"
545.0;35.0;"blue-collar";"married";"primary";"no";0.0;"yes";"no";"cellular";24.0;"jul";90.0;6.0;-1.0;0.0;"unknown";"no"
546.0;47.0;"self-employed";"married";"secondary";"yes";2.0;"no";"no";"cellular";5.0;"feb";236.0;2.0;-1.0;0.0;"unknown";"no"
547.0;54.0;"management";"married";"tertiary";"no";0.0;"no";"no";"cellular";16.0;"jul";118.0;5.0;-1.0;0.0;"unknown";"no"
548.0;39.0;"management";"single";"tertiary";"no";12437.0;"no";"no";"telephone";18.0;"nov";40.0;1.0;-1.0;0.0;"unknown";"no"
